atopidphase,begyr,endyr,defense,offense,neutral,nonagg,consul,uncond_comp,cond_comp,uncond_det,cond_det,pure_cond_det,discret_milsupport,discret_intervene,prob_det
1005,1815,1815,1,0,0,0,1,0,0,0,1,0,0,0,0
1010,1815,1815,1,0,0,0,1,0,1,1,0,0,0,0,0
1015,1815,1815,1,1,0,0,0,1,0,0,0,0,0,0,0
1020.1,1815,1820,1,0,0,1,1,0,0,0,1,0,0,0,0
1020.2,1820,1848,1,0,0,1,1,0,0,0,1,0,0,0,0
1020.3,1850,1866,1,0,0,1,1,0,0,0,1,0,0,0,0
1025,1815,1820,1,0,0,0,1,0,0,0,1,0,0,0,0
1030,1815,1848,1,0,0,0,1,0,0,0,1,0,0,0,0
1035,1815,1822,1,1,0,0,1,0,0,0,1,0,0,0,0
1040,1816,1820,1,1,0,0,0,0,1,0,0,1,0,0,0
1045,1827,1829,0,0,0,0,1,0,0,0,0,0,0,0,0
1050,1831,1848,1,0,0,0,0,0,0,0,1,0,0,0,0
1053,1832,1846,1,0,0,0,0,0,0,0,1,0,0,0,0
1055,1832,1833,0,1,0,0,0,0,1,0,0,0,0,0,0
1060,1832,1833,1,0,0,0,0,0,1,0,0,0,0,1,1
1065,1833,1839,0,1,0,0,1,0,1,0,1,0,0,0,0
1070,1833,1848,0,1,0,0,0,0,0,1,0,0,0,0,0
1075,1833,1841,1,0,0,0,1,0,0,0,0,0,1,0,1
1080,1833,1853,0,0,0,0,1,0,0,0,0,0,0,0,0
1085,1833,1854,1,1,0,0,1,0,0,0,1,0,0,0,0
1090,1833,1848,1,1,0,0,1,0,0,0,0,0,0,1,1
1095,1833,1848,1,0,0,0,0,0,0,0,0,0,0,1,1
1100.1,1834,1834,1,0,0,0,1,0,1,0,0,0,0,0,0
1100.2,1834,1839,1,0,0,0,1,0,1,0,0,0,0,0,0
1110,1840,1840,1,1,0,0,0,0,1,0,1,0,0,0,0
1115,1844,1846,0,0,0,0,1,0,0,0,0,0,0,0,0
1118,1846,1856,1,0,0,0,0,0,0,0,1,0,0,0,0
1120,1847,1847,1,0,0,0,0,0,1,0,0,0,0,0,0
1125,1847,1859,1,0,0,0,0,0,0,0,1,0,0,0,0
1130,1848,1859,1,0,0,0,0,0,0,0,1,0,0,0,0
1135,1849,1849,1,0,0,0,1,0,0,1,0,0,0,0,0
1140,1850,1850,1,1,0,0,0,1,0,0,0,0,0,0,0
1145,1851,1854,1,1,0,0,0,1,0,1,0,0,0,0,0
1150,1851,1851,1,1,0,0,1,1,0,1,0,0,0,0,0
1155.1,1851,1857,1,0,0,0,1,0,0,0,0,0,1,0,1
1155.2,1857,1859,0,0,0,0,1,0,0,0,0,0,0,0,0
1160,1854,1856,1,0,0,0,1,0,0,0,0,0,0,1,1
1165,1854,1856,0,1,0,0,1,0,1,0,0,0,0,0,0
1170,1854,1856,1,1,0,0,0,0,1,1,0,0,0,0,0
1175,1854,1856,1,0,0,0,0,0,1,1,0,0,0,0,0
1180,1854,1856,1,1,0,0,1,0,0,1,0,0,0,0,0
1185,1854,1856,0,0,0,0,1,0,0,0,0,0,0,0,0
1190,1855,1856,1,0,0,0,1,0,0,0,1,0,0,0,0
1195,1856,1877,0,1,0,0,1,0,0,0,1,0,0,0,0
1200,1856,1862,0,0,1,0,0,0,0,0,0,0,0,0,0
1205,1859,1864,1,0,1,0,0,0,0,1,0,0,0,0,0
1210,1859,1859,1,1,0,0,0,0,0,0,1,0,0,0,0
1215,1859,1859,0,0,1,0,1,0,0,0,0,0,0,0,0
1220,1860,1861,1,0,1,0,0,0,0,0,1,0,0,0,0
1225,1861,1862,0,1,0,0,0,1,0,0,0,0,0,0,0
1227,1862,1866,1,0,1,0,0,0,0,0,0,0,0,1,1
1230,1863,1863,0,1,0,0,0,1,0,0,0,0,0,0,0
1235,1863,1873,1,0,0,1,0,0,0,0,1,0,0,0,0
1240,1864,1866,1,0,0,1,0,0,0,1,0,0,0,0,0
1245,1864,1866,0,1,0,0,1,0,1,0,0,0,0,0,0
1255,1865,1882,1,1,0,0,1,1,0,1,0,0,0,0,0
1260,1865,1871,1,1,0,0,0,0,0,1,0,0,0,0,0
1265,1866,1866,0,1,0,0,0,0,1,0,0,0,0,0,0
1270,1866,1866,0,0,1,0,1,0,0,0,0,0,0,0,0
1272,1866,1866,1,1,0,0,0,0,1,0,1,0,0,0,0
1275,1866,1870,1,1,0,0,0,0,0,1,0,0,0,0,0
1280,1866,1870,1,1,0,0,0,0,0,1,0,0,0,0,0
1285,1866,1870,1,1,0,0,0,1,0,1,0,0,0,0,0
1287,1866,1867,1,1,0,0,0,1,0,1,0,0,0,0,0
1290,1867,1871,1,1,0,0,0,1,0,1,0,0,0,0,0
1295,1870,1872,0,1,1,0,0,0,0,0,1,0,0,0,0
1300,1870,1872,0,1,1,0,0,0,0,0,1,0,0,0,0
1305,1873,1883,1,0,0,0,0,0,0,0,1,0,0,0,0
1310,1873,1878,1,0,0,0,0,0,0,0,1,0,0,0,0
1315,1873,1878,0,0,0,0,1,0,0,0,0,0,0,0,0
1320,1874,1883,1,0,0,0,1,0,0,0,1,0,0,0,0
1325,1877,1878,0,0,1,0,0,0,0,0,0,0,0,0,0
1330,1878,1880,1,0,0,0,0,0,1,0,1,0,0,0,0
1335,1879,1918,1,0,1,0,0,0,0,0,1,0,0,0,0
1340,1881,1887,0,0,1,0,1,0,0,0,0,0,0,0,0
1345.1,1881,1889,0,0,1,0,1,0,0,0,0,0,0,0,0
1345.2,1889,1895,0,0,1,0,1,0,0,0,0,0,0,0,0
1350.1,1882,1887,1,0,1,0,1,0,0,0,0,1,0,0,0
1350.2,1887,1891,1,1,1,0,1,0,0,0,0,1,0,0,0
1350.3,1891,1913,1,1,1,0,1,0,0,0,0,1,0,1,1
1350.4,1913,1918,1,1,1,0,1,0,0,0,0,1,0,1,1
1355,1883,1918,1,0,0,0,1,0,0,0,0,1,0,0,0
1360,1887,1897,0,0,0,0,1,0,0,0,0,0,0,0,0
1365,1887,1895,0,0,0,1,1,0,0,0,0,0,0,0,0
1370,1887,1890,0,0,1,0,1,0,0,0,0,0,0,0,0
1375,1887,1897,0,1,0,0,1,0,0,1,0,0,0,0,0
1380,1891,1917,0,0,0,0,1,0,0,0,0,0,0,0,0
1385,1893,1917,1,0,0,0,0,0,0,0,1,0,0,0,0
1390,1894,1895,1,1,0,0,0,1,0,1,0,0,0,0,0
1395,1896,1900,1,1,0,0,0,0,0,0,1,0,0,0,0
1400,1899,1949,1,0,0,1,0,0,0,1,0,0,0,0,0
1410,1901,1915,0,0,0,0,1,0,0,0,0,0,0,0,0
1415.1,1902,1905,1,1,1,0,1,0,0,1,0,0,0,0,0
1415.2,1905,1921,1,1,1,0,1,0,0,0,0,1,0,0,0
1420,1902,1918,0,0,1,0,0,0,0,0,0,0,0,0,0
1425,1904,1909,1,1,0,0,1,0,0,1,0,0,0,0,0
1430,1904,1907,0,0,0,0,1,0,0,0,0,0,0,0,0
1435,1904,1908,0,0,1,0,0,0,0,0,0,0,0,0,0
1440,1905,1905,1,0,0,0,0,0,0,0,1,0,0,0,0
1445,1907,1915,0,0,0,0,1,0,0,0,0,0,0,0,0
1450,1907,1918,0,0,1,1,0,0,0,0,0,0,0,0,0
1455,1908,1910,0,0,0,0,1,0,0,0,0,0,0,0,0
1460,1909,1917,0,0,0,0,1,0,0,0,0,0,0,0,0
1465,1910,1916,0,0,0,0,1,0,0,0,0,0,0,0,0
1467,1911,0,0,0,1,1,0,0,0,0,0,0,0,0,0
1470,1912,1913,1,1,1,0,1,0,0,1,0,0,0,0,0
1475.1,1912,1912,1,0,1,0,0,0,0,0,0,1,0,0,0
1475.2,1912,1913,1,0,1,0,0,0,0,0,0,1,0,0,0
1480,1912,1915,1,1,0,0,1,0,1,0,1,0,0,0,0
1485,1912,1918,0,0,0,0,1,0,0,0,0,0,0,0,0
1490,1913,1918,1,1,1,0,1,0,0,1,0,1,0,0,0
2005,1914,1918,1,1,0,0,0,0,0,0,1,0,0,0,0
2010,1914,1918,1,0,1,0,1,0,0,0,1,0,0,0,0
2012,1914,1918,1,0,0,0,0,0,0,0,0,1,0,0,0
2013,1914,1918,1,0,0,0,0,0,0,0,0,1,0,0,0
2015,1914,1918,0,0,0,0,1,0,0,0,0,0,0,0,0
2020,1914,1916,1,0,1,0,0,0,0,0,1,0,0,0,0
2025,1915,1918,1,1,0,0,1,1,1,0,0,0,0,0,0
2030,1915,1918,1,1,0,0,0,1,0,0,1,0,0,0,0
2035,1916,1917,1,0,0,0,1,0,0,0,0,0,1,0,1
2040,1916,1918,1,1,0,0,0,1,0,0,1,0,0,0,0
2045,1918,1918,1,1,0,0,0,1,0,1,0,0,0,0,0
2050.1001,1920,1922,1,0,0,0,0,0,0,0,0,1,0,0,0
2050.2,1922,1939,1,0,0,0,1,0,0,0,0,1,0,0,0
2055,1920,1936,1,0,0,0,0,0,0,0,1,0,0,0,0
2060,1921,1939,1,0,0,0,1,0,0,0,1,0,1,0,1
2070.1001,1921,1926,1,0,0,0,1,0,0,0,0,1,0,0,0
2070.2,1926,1939,1,0,0,0,1,0,0,0,0,1,0,0,0
2075,1921,1950,1,0,0,0,0,0,0,0,1,0,0,0,0
2080,1921,1939,1,0,0,0,1,0,0,0,0,1,0,0,0
2085,1921,1940,1,0,0,0,1,0,0,0,0,1,0,0,0
2090,1921,1937,0,0,1,0,0,0,0,0,0,0,0,0,0
2095,1921,1931,0,0,0,0,1,0,0,0,0,0,0,0,0
2100,1921,1927,0,0,1,0,0,0,0,0,0,0,0,0,0
2105,1923,1954,0,0,0,1,0,0,0,0,0,0,0,0,0
2110.1001,1923,1934,1,0,0,0,1,0,0,0,0,1,0,0,0
2110.2,1934,1940,1,0,0,0,1,0,0,0,0,1,0,0,0
2115,1924,1929,0,0,1,0,1,0,0,0,0,0,0,0,0
2120,1924,1938,0,0,0,0,1,0,0,0,0,0,0,0,0
2125,1924,1929,0,0,0,0,1,0,0,0,0,0,0,0,0
2130,1925,1937,1,0,0,1,0,0,0,0,0,1,0,0,0
2135,1925,1939,1,0,0,0,0,0,0,0,0,1,0,0,0
2140,1925,1938,1,0,0,0,0,0,0,0,0,1,1,0,1
2145.1001,1925,1929,0,0,1,1,0,0,0,0,0,0,0,0,0
2145.2,1929,1931,0,0,1,1,0,0,0,0,0,0,0,0,0
2145.3,1931,1945,0,0,1,1,0,0,0,0,0,0,0,0,0
2150,1926,1933,0,0,1,0,0,0,0,0,0,0,0,0,0
2155.1001,1926,1928,0,0,1,1,0,0,0,0,0,0,0,0,0
2155.2,1928,1937,0,0,1,1,1,0,0,0,0,0,0,0,0
2160,1926,1940,0,0,0,1,1,0,0,0,0,0,0,0,0
2165,1926,1936,0,0,1,0,0,0,0,0,0,0,0,0,0
2170,1926,1979,0,0,1,1,0,0,0,0,0,0,0,0,0
2175,1926,1932,0,0,0,0,1,0,0,0,0,0,0,0,0
2185,1926,1939,0,0,1,1,0,0,0,0,0,0,0,0,0
2195,1927,1941,0,0,1,1,0,0,0,0,0,0,0,0,0
2200,1927,1940,0,0,0,1,1,0,0,0,0,0,0,0,0
2205,1927,1939,1,0,0,0,0,0,0,0,0,1,0,0,0
2210.1001,1927,1928,0,0,1,1,0,0,0,0,0,0,0,0,0
2210.2,1928,1937,0,0,1,1,1,0,0,0,0,0,0,0,0
2215,1928,1941,0,0,0,1,0,0,0,0,0,0,0,0,0
2218,1928,1948,0,0,0,1,1,0,0,0,0,0,0,0,0
2220,1928,1935,0,0,1,0,0,0,0,0,0,0,0,0,0
2225,1928,1935,0,0,0,1,0,0,0,0,0,0,0,0,0
2230,1928,1935,0,0,1,0,1,0,0,0,0,0,0,0,0
2235,1929,1945,0,0,1,0,0,0,0,0,0,0,0,0,0
2240,1929,1939,0,0,0,1,0,0,0,0,0,0,0,0,0
2245,1929,1939,0,0,1,0,0,0,0,0,0,0,0,0,0
2250,1929,1941,0,0,0,1,1,0,0,0,0,0,0,0,0
2255,1929,1938,0,0,0,1,0,0,0,0,0,0,0,0,0
2260,1930,1940,0,0,1,0,0,0,0,0,0,0,0,0,0
2270,1930,1955,1,0,0,0,1,0,0,0,1,0,0,0,0
2275.1001,1930,1938,0,0,1,0,0,0,0,0,0,0,0,0,0
2275.2,1938,1941,0,0,1,0,0,0,0,0,0,0,0,0,0
2280,1932,1939,0,0,1,1,0,0,0,0,0,0,0,0,0
2285,1932,1939,0,0,0,1,0,0,0,0,0,0,0,0,0
2290,1932,1939,0,0,0,1,0,0,0,0,0,0,0,0,0
2295,1932,1939,0,0,1,1,0,0,0,0,0,0,0,0,0
2300,1932,1939,0,0,1,1,0,0,0,0,0,0,0,0,0
2302,1933,1939,0,0,0,0,1,0,0,0,0,0,0,0,0
2305,1933,1941,0,0,1,1,0,0,0,0,0,0,0,0,0
2315,1933,1944,0,0,1,1,0,0,0,0,0,0,0,0,0
2320,1933,1941,0,0,0,1,0,0,0,0,0,0,0,0,0
2325,1934,1939,0,0,0,1,0,0,0,0,0,0,0,0,0
2330,1934,1940,1,0,0,0,1,0,0,0,1,0,0,0,0
2335.1001,1934,1936,0,0,0,0,1,0,0,0,0,0,0,0,0
2335.2,1936,1938,0,0,0,0,1,0,0,0,0,0,0,0,0
2340.1001,1934,1962,0,0,1,1,1,0,0,0,0,0,0,0,0
2340.2,1995,0,0,0,1,1,1,0,0,0,0,0,0,0,0
2345,1934,1940,0,0,0,0,1,0,0,0,0,0,0,0,0
2350,1935,1935,0,0,0,0,1,0,0,0,0,0,0,0,0
2355,1935,1935,0,0,0,0,1,0,0,0,0,0,0,0,0
2360,1935,1939,1,0,0,0,1,0,0,0,0,1,1,0,1
2365,1935,1938,1,0,1,0,1,0,0,0,0,1,1,0,1
2370.1001,1936,1946,1,0,0,0,1,0,0,0,1,0,0,0,0
2370.2,1946,1966,1,0,0,0,1,0,0,0,1,0,0,0,0
2375,1936,1956,0,0,0,0,1,0,0,0,0,0,0,0,0
2385,1936,1951,1,0,0,0,1,0,0,0,1,0,0,0,0
2395,1936,1939,0,0,1,0,1,0,0,0,0,0,0,0,0
2405,1937,1941,0,0,1,1,1,0,0,0,0,0,0,0,0
2410,1937,1955,0,0,0,1,1,0,0,0,0,0,0,0,0
2415,1937,1945,0,0,1,1,0,0,0,0,0,0,0,0,0
2420,1937,1939,1,0,0,0,0,0,0,0,1,0,0,0,0
2423,1938,0,0,0,0,1,0,0,0,0,0,0,0,0,0
2425,1938,1940,0,0,0,1,0,0,0,0,0,0,0,0,0
2430,1938,1939,0,0,0,0,1,0,0,0,0,0,0,0,0
2435.1001,1939,1940,0,0,1,1,0,0,0,0,0,0,0,0,0
2435.2,1940,1977,0,0,1,1,1,0,0,0,0,0,0,0,0
2440.1001,1939,1939,1,0,0,0,0,0,0,0,1,0,0,0,0
2440.2,1939,1939,1,1,0,0,1,0,0,1,0,0,0,0,0
2445,1939,1943,1,1,0,0,1,1,0,1,0,0,0,0,0
2450,1939,1940,0,0,1,1,0,0,0,0,0,0,0,0,0
2455,1939,1940,0,0,1,1,0,0,0,0,0,0,0,0,0
2460,1939,1940,0,0,1,1,0,0,0,0,0,0,0,0,0
2465,1939,1939,1,1,0,0,1,0,0,0,1,0,0,0,0
2470,1939,1941,0,0,1,1,0,0,0,0,0,0,0,0,0
2475,1939,1940,1,0,0,0,0,0,0,0,1,0,0,0,0
2480,1939,1940,1,0,0,0,0,0,0,0,1,0,0,0,0
2485,1939,1940,1,0,0,0,1,0,0,0,1,0,0,0,0
2490,1939,1945,1,1,1,0,1,0,0,0,1,0,0,0,0
2495,1939,0,0,0,0,1,0,0,0,0,0,0,0,0,0
2500,1940,1941,0,0,0,1,0,0,0,0,0,0,0,0,0
2505,1940,1940,0,0,1,1,0,0,0,0,0,0,0,0,0
2510,1940,1941,0,0,1,0,0,0,0,0,0,0,0,0,0
2515,1940,1941,1,0,0,0,0,0,0,0,1,0,0,0,0
2520,1941,1941,0,0,1,1,0,0,0,0,0,0,0,0,0
2525,1941,1945,0,0,1,0,0,0,0,0,0,0,0,0,0
2530,1941,1945,0,0,0,1,0,0,0,0,0,0,0,0,0
2535.1001,1941,1942,1,1,0,0,0,1,0,1,0,0,0,0,0
2535.2,1942,1955,1,1,0,0,0,1,0,0,1,0,0,0,0
2540,1941,1945,1,1,0,0,1,1,0,1,0,0,0,0,0
2545,1941,1945,1,1,0,0,0,1,0,1,0,0,0,0,0
2550,1942,1945,1,1,0,0,0,1,0,1,0,0,0,0,0
2555,1942,1946,1,0,0,0,1,0,0,0,1,0,0,0,0
2560,1943,1946,1,0,1,0,0,0,0,0,1,0,0,0,0
2563,1943,1970,1,1,0,0,0,1,0,1,0,0,0,0,0
2565,1944,0,0,0,0,0,1,0,0,0,0,0,0,0,0
2570,1944,1946,1,1,0,0,0,0,1,1,0,0,0,0,0
2571,1944,1946,1,1,0,0,0,0,1,1,0,0,0,0,0
2575,1944,1955,1,1,0,0,1,1,0,1,0,0,0,0,0
2580,1944,1945,1,1,0,0,0,1,0,1,0,0,0,0,0
3005,1945,1945,0,1,0,0,0,1,0,0,0,0,0,0,0
3010,1945,1947,1,0,0,0,1,0,0,0,0,0,1,0,1
3015,1945,0,0,0,0,1,1,0,0,0,0,0,0,0,0
3020,1945,1949,1,1,0,0,0,1,0,1,0,0,0,0,0
3025,1945,1965,1,1,0,0,0,1,0,1,0,0,0,0,0
3030,1945,1950,1,1,0,0,0,1,0,0,1,0,0,0,0
3035,1946,1949,1,0,0,1,1,0,0,1,0,0,0,0,0
3040,1946,1948,1,0,0,0,1,0,0,0,1,0,0,0,0
3045,1946,1949,1,1,0,0,0,0,0,1,0,0,0,0,0
3050,1946,1949,1,0,0,0,0,0,0,0,1,0,0,0,0
3055,1947,1954,1,1,0,0,1,0,0,1,0,0,0,0,0
3060,1947,1967,1,1,0,0,0,0,0,1,0,0,0,0,0
3065,1947,1958,0,0,0,0,1,0,0,0,0,0,0,0,0
3070,1947,1975,0,0,0,1,0,0,0,0,0,0,0,0,0
3075,1947,0,1,0,0,1,1,0,0,0,0,0,0,1,1
3077,1947,2000,0,0,0,1,0,0,0,0,0,0,0,0,0
3080,1947,1962,1,0,0,0,0,0,0,0,0,0,1,0,1
3085,1947,1949,1,0,0,1,1,0,0,0,1,0,0,0,0
3090,1947,1949,1,0,0,1,1,0,0,0,1,0,0,0,0
3095,1947,1949,1,1,0,1,1,0,0,1,0,0,0,0,0
3100,1947,1967,1,0,0,1,1,0,0,0,1,0,0,0,0
3105,1948,1970,1,0,0,1,1,0,0,0,1,0,0,0,0
3110,1948,1972,1,0,0,1,1,0,0,0,1,0,0,0,0
3115,1948,1970,1,1,0,1,0,0,0,1,0,0,0,0,0
3120,1948,1967,1,1,0,1,0,0,0,1,0,0,0,0,0
3125,1948,1957,1,0,0,0,1,0,0,0,0,0,1,0,1
3130.1001,1948,1954,1,0,0,0,1,0,0,0,1,0,0,0,0
3130.2,1954,2011,1,0,0,0,1,0,0,0,1,0,0,0,0
3135,1948,1967,1,1,0,1,0,0,0,1,0,0,0,0,0
3140,1948,1992,1,0,0,0,1,0,0,0,0,0,0,1,1
3145,1948,1968,1,1,0,1,0,0,0,1,0,0,0,0,0
3150,1948,0,1,0,0,1,1,0,0,0,1,0,0,0,0
3155,1948,1967,1,0,0,1,0,0,0,0,1,0,0,0,0
3160,1948,1968,1,1,0,0,0,0,0,1,0,0,0,0,0
3165,1948,1969,1,1,0,1,0,0,0,1,0,0,0,0,0
3170,1948,1968,1,1,0,1,0,0,0,1,0,0,0,0,0
3175,1949,1970,1,1,0,1,0,0,0,1,0,0,0,0,0
3180.1001,1949,1951,1,0,0,1,1,0,0,0,1,0,0,0,0
3180.2,1951,0,1,0,0,1,1,0,0,0,1,0,0,0,0
3185,1949,1968,1,1,0,1,0,0,0,1,0,0,0,0,0
3190,1949,0,0,0,0,1,0,0,0,0,0,0,0,0,0
3195,1949,0,0,0,0,1,0,0,0,0,0,0,0,0,0
3200,1950,1980,1,0,0,1,0,0,0,1,0,0,0,0,0
3205,1950,0,1,0,0,1,1,0,0,0,1,0,0,0,0
3210,1951,0,1,0,0,1,1,0,0,0,0,0,0,1,1
3215,1951,0,1,0,0,1,1,0,0,0,0,0,0,1,1
3220,1951,1960,1,0,0,0,1,0,0,0,1,0,0,0,0
3225,1952,0,0,0,0,1,0,0,0,0,0,0,0,0,0
3228,1953,0,0,0,0,1,0,0,0,0,0,0,0,0,0
3230.1001,1953,1954,0,0,0,1,1,0,0,0,0,0,0,0,0
3230.2,1954,1964,1,0,0,1,1,0,0,0,1,0,0,0,0
3235,1953,1970,1,0,0,0,1,0,0,1,0,0,0,0,0
3240,1953,0,1,0,0,1,1,0,0,0,0,0,0,1,1
3245,1953,1954,1,0,0,0,0,0,0,1,0,0,0,0,0
3250,1954,0,0,0,0,1,0,0,0,0,0,0,0,0,0
3255,1954,1955,0,0,0,0,1,0,0,0,0,0,0,0,0
3260.1001,1954,1977,1,0,0,1,1,0,0,0,0,0,0,1,1
3260.2,1977,0,1,0,0,1,1,0,0,0,0,0,0,1,1
3265,1954,1956,0,0,0,0,1,0,0,0,0,0,0,0,0
3270,1954,1980,1,0,0,1,0,0,0,0,0,0,0,1,1
3275,1955,1979,0,0,0,1,1,0,0,0,0,0,0,0,0
3280,1955,1959,1,0,0,0,0,0,0,0,0,0,1,0,1
3285,1955,1991,1,0,0,1,1,0,0,0,0,0,0,1,1
3290,1955,1975,1,0,0,0,0,0,0,0,0,0,1,0,1
3295,1955,2011,0,0,0,0,1,0,0,0,0,0,0,0,0
3300,1955,1961,1,0,0,0,1,0,0,0,1,0,0,0,0
3305,1955,1962,1,0,0,0,1,0,0,0,1,0,0,0,0
3310,1956,1962,1,0,0,0,1,0,0,0,1,0,0,0,0
3315,1956,1966,0,0,0,0,1,0,0,0,0,0,0,0,0
3320,1956,0,0,0,0,1,0,0,0,0,0,0,0,0,0
3322,1956,1956,0,1,1,0,0,1,1,0,0,0,0,0,0
3325,1957,1974,1,0,0,1,1,0,0,0,1,0,0,0,0
3330,1957,1971,1,0,0,0,1,0,0,1,0,0,0,0,0
3335,1958,1964,0,0,0,1,0,0,0,0,0,0,0,0,0
3340,1958,1958,1,1,0,0,1,1,0,1,0,0,0,0,0
3345,1958,1961,1,1,0,0,1,1,0,1,0,0,0,0,0
3350,1958,1977,1,0,0,0,0,0,0,0,1,0,0,0,0
3355,1959,0,1,0,0,0,1,0,0,0,0,0,0,1,1
3360,1959,0,1,0,0,0,1,0,0,0,0,0,0,1,1
3365,1959,1979,1,0,0,0,1,0,0,0,0,0,0,1,1
3370,1959,0,0,0,0,0,1,0,0,0,0,0,0,0,0
3375,1960,0,1,0,0,1,1,0,0,0,0,0,0,1,1
3380,1960,1967,0,0,0,1,0,0,0,0,0,0,0,0,0
3383,1960,0,0,0,0,1,0,0,0,0,0,0,0,0,0
3385,1960,1960,1,0,0,0,1,0,0,0,0,0,1,0,1
3390,1960,1973,1,0,0,0,0,0,0,0,0,0,1,0,1
3395,1960,0,1,0,0,0,1,0,0,0,0,0,1,0,1
3400,1960,1964,1,0,0,0,1,0,0,0,1,0,0,0,0
3405,1960,1974,1,0,0,0,1,0,0,1,0,0,0,0,0
3410,1960,0,1,0,0,0,0,0,0,0,0,0,1,0,1
3415,1960,2006,0,0,0,1,0,0,0,0,0,0,0,0,0
3420,1960,0,0,0,0,1,0,0,0,0,0,0,0,0,0
3423,1960,1962,1,0,0,0,1,0,0,0,1,0,0,0,0
3425,1960,1970,0,0,0,1,0,0,0,0,0,0,0,0,0
3430,1961,1963,1,0,0,0,1,0,0,0,1,0,0,0,0
3435,1961,1972,0,0,0,0,1,0,0,0,0,0,0,0,0
3440,1961,1996,1,0,0,1,0,0,0,0,1,0,0,0,0
3445,1961,0,1,0,0,1,0,0,0,0,1,0,0,0,0
3450,1961,0,0,0,0,1,0,0,0,0,0,0,0,0,0
3455,1961,1964,1,0,0,1,1,0,0,0,1,0,0,0,0
3460,1962,1964,0,0,0,0,1,0,0,0,0,0,0,0,0
3465,1962,1990,1,1,0,0,1,1,0,1,0,0,0,0,0
3467,1962,1967,1,0,0,0,0,0,0,0,1,0,0,0,0
3470,1963,0,0,0,0,0,1,0,0,0,0,0,0,0,0
3475,1963,0,0,0,0,0,1,0,0,0,0,0,0,0,0
3480,1963,1970,1,0,0,0,0,0,0,0,0,0,1,1,1
3485,1963,0,1,0,0,0,0,0,0,0,1,0,0,0,0
3490,1963,1969,1,0,0,0,1,0,0,0,1,0,0,0,0
3495,1964,1990,0,0,0,1,0,0,0,0,0,0,0,0,0
3500,1964,1990,1,0,0,0,0,0,0,0,1,0,0,0,0
3505,1964,1972,1,0,0,0,1,0,0,1,0,0,0,0,0
3510,1964,0,0,0,0,1,0,0,0,0,0,0,0,0,0
3515,1965,0,0,0,0,1,0,0,0,0,0,0,0,0,0
3520,1965,1991,1,0,0,0,0,0,0,0,1,0,0,0,0
3525,1965,1971,1,0,0,0,0,0,0,1,0,0,0,0,0
3530,1966,1971,0,0,0,1,0,0,0,0,0,0,0,0,0
3535,1966,1993,1,0,0,0,0,0,0,1,0,0,0,0,0
3538,1966,1967,1,0,0,0,0,0,0,0,1,0,0,0,0
3540,1967,1991,1,0,0,0,0,0,0,0,1,0,0,0,0
3545,1967,1977,1,0,0,0,0,0,0,0,1,0,0,0,0
3550,1967,1977,1,0,0,0,0,0,0,0,1,0,0,0,0
3555,1967,1993,1,0,0,0,0,0,0,0,1,0,0,0,0
3560,1967,1992,1,0,0,0,1,0,0,0,1,0,0,0,0
3565,1967,1977,1,0,0,0,0,0,0,0,1,0,0,0,0
3570,1967,1979,1,0,0,0,1,0,0,0,1,0,0,0,0
3575,1967,1977,1,0,0,0,1,0,0,0,1,0,0,0,0
3580,1967,1991,1,0,0,0,1,0,0,0,1,0,0,0,0
3585,1968,1976,0,0,0,0,1,0,0,0,0,0,0,0,0
3590,1968,1968,1,0,0,0,1,0,0,1,0,0,0,0,0
3595,1968,1992,1,0,0,0,0,0,0,0,1,0,0,0,0
3600,1968,1991,1,0,0,0,0,0,0,0,1,0,0,0,0
3605,1968,1991,1,0,0,0,0,0,0,0,1,0,0,0,0
3610.1001,1968,1992,1,0,0,0,0,0,0,0,1,0,0,0,0
3610.2,1993,1993,1,0,0,0,0,0,0,0,1,0,0,0,0
3610.3,1993,1994,1,0,0,0,0,0,0,0,1,0,0,0,0
3615,1969,1976,0,0,0,1,0,0,0,0,0,0,0,0,0
3620,1969,1991,1,0,0,0,1,0,0,0,1,0,0,0,0
3623,1970,1983,0,0,0,1,0,0,0,0,0,0,0,0,0
3625.1001,1970,1992,1,0,0,0,1,0,0,0,1,0,0,0,0
3625.2,1993,1993,1,0,0,0,1,0,0,0,1,0,0,0,0
3625.3,1993,1993,1,0,0,0,1,0,0,0,1,0,0,0,0
3628,1970,1981,0,0,0,1,0,0,0,0,0,0,0,0,0
3630,1970,1991,1,0,0,0,1,0,0,0,1,0,0,0,0
3635,1970,1976,0,0,0,0,1,0,0,0,0,0,0,0,0
3640,1970,1990,0,0,0,1,0,0,0,0,0,0,0,0,0
3642,1970,1990,0,0,0,0,1,0,0,0,0,0,0,0,0
3645,1970,1993,1,0,0,0,0,0,0,0,1,0,0,0,0
3650,1970,1992,1,0,0,0,0,0,0,0,1,0,0,0,0
3655.1001,1970,1990,0,0,0,1,0,0,0,0,0,0,0,0,0
3655.2,1990,1991,0,0,0,1,0,0,0,0,0,0,0,0,0
3660,1971,1986,1,0,0,0,0,0,0,0,1,0,0,0,0
3665,1971,1992,0,0,0,0,1,0,0,0,0,0,0,0,0
3670,1971,1976,0,0,0,1,1,0,0,0,0,0,0,0,0
3675,1971,1993,0,0,1,1,1,0,0,0,0,0,0,0,0
3677,1971,0,0,0,0,1,0,0,0,0,0,0,0,0,0
3680,1972,1996,1,0,0,0,0,0,0,0,1,0,0,0,0
3685,1972,1997,0,0,1,1,1,0,0,0,0,0,0,0,0
3690,1972,1990,0,0,0,1,1,0,0,0,0,0,0,0,0
3695,1972,1990,1,0,0,0,0,0,0,0,1,0,0,0,0
3700,1972,1979,1,0,0,0,0,0,0,0,1,0,0,0,0
3705,1972,0,0,0,0,1,0,0,0,0,0,0,0,0,0
3708,1972,0,0,0,0,1,0,0,0,0,0,0,0,0,0
3710,1972,1990,0,0,0,1,0,0,0,0,0,0,0,0,0
3715,1972,1990,0,0,0,1,0,0,0,0,0,0,0,0,0
3720.1001,1973,1990,0,0,0,1,0,0,0,0,0,0,0,0,0
3720.2,1990,1992,0,0,0,1,0,0,0,0,0,0,0,0,0
3725,1974,1981,1,0,0,0,0,0,0,0,1,0,0,0,0
3730,1974,0,1,0,0,0,0,0,0,0,0,0,1,0,1
3733,1974,0,0,0,0,1,0,0,0,0,0,0,0,0,0
3735,1974,1977,0,0,0,1,1,0,0,0,0,0,0,0,0
3736,1975,0,0,0,0,1,0,0,0,0,0,0,0,0,0
3737,1975,0,0,0,0,1,0,0,0,0,0,0,0,0,0
3738,1975,1985,0,0,0,1,0,0,0,0,0,0,0,0,0
3740.1001,1975,1990,0,0,0,1,0,0,0,0,0,0,0,0,0
3740.2,1990,0,0,0,0,1,0,0,0,0,0,0,0,0,0
3743,1975,1979,0,0,0,1,0,0,0,0,0,0,0,0,0
3745,1975,1990,1,0,0,0,1,0,0,0,1,0,0,0,0
3746,1975,0,0,0,0,1,0,0,0,0,0,0,0,0,0
3748,1975,1984,1,0,0,0,0,0,0,0,1,0,0,0,0
3750,1976,1981,1,0,0,0,1,0,0,0,1,0,0,0,0
3755,1976,0,0,0,0,1,0,0,0,0,0,0,0,0,0
3758,1976,1985,1,0,0,0,1,0,0,0,1,0,0,0,0
3760,1976,1993,0,0,0,0,1,0,0,0,0,0,0,0,0
3765,1976,0,0,0,0,1,1,0,0,0,0,0,0,0,0
3767,1976,0,0,0,0,1,0,0,0,0,0,0,0,0,0
3770,1977,1990,1,0,0,0,1,0,0,0,1,0,0,0,0
3775,1977,0,0,0,0,1,1,0,0,0,0,0,0,0,0
3780,1977,1990,1,0,0,0,1,0,0,0,1,0,0,0,0
3785,1977,2000,1,0,0,1,1,0,0,0,0,0,1,0,1
3790,1977,2011,1,0,0,0,0,0,0,0,1,0,0,0,0
3795,1977,1999,1,0,0,0,0,0,0,0,0,0,0,1,1
3800,1977,1990,1,0,0,0,1,0,0,0,1,0,0,0,0
3805,1977,1990,1,0,0,0,1,0,0,0,1,0,0,0,0
3807,1977,1985,1,0,0,0,0,0,0,0,1,0,0,0,0
3810,1978,0,0,0,0,1,0,0,0,0,0,0,0,0,0
3815,1978,0,0,0,0,1,0,0,0,0,0,0,0,0,0
3820,1978,0,0,0,0,1,1,0,0,0,0,0,0,0,0
3825,1978,1994,0,0,0,0,1,0,0,0,0,0,0,0,0
3830,1978,0,1,0,0,0,0,0,0,0,0,0,1,0,1
3835,1978,0,0,0,0,1,1,0,0,0,0,0,0,0,0
3840,1978,1979,0,0,0,1,1,0,0,0,0,0,0,0,0
3841,1979,0,0,0,0,1,0,0,0,0,0,0,0,0,0
3842,1979,0,0,0,0,0,1,0,0,0,0,0,0,0,0
3843,1979,1986,1,0,0,1,0,0,0,1,0,0,0,0,0
3844,1979,1990,0,0,0,1,0,0,0,0,0,0,0,0,0
3845,1979,1990,0,0,0,1,1,0,0,0,0,0,0,0,0
3850,1979,0,0,0,0,1,0,0,0,0,0,0,0,0,0
3851,1979,0,0,0,0,1,0,0,0,0,0,0,0,0,0
3852,1979,0,0,0,0,0,1,0,0,0,0,0,0,0,0
3853,1979,0,0,0,0,1,0,0,0,0,0,0,0,0,0
3855,1979,1990,0,0,0,1,1,0,0,0,0,0,0,0,0
3856,1979,1990,0,0,0,1,0,0,0,0,0,0,0,0,0
3857,1979,1990,0,0,0,1,0,0,0,0,0,0,0,0,0
3858,1979,1990,0,0,0,1,0,0,0,0,0,0,0,0,0
3860,1980,1982,1,0,0,0,0,0,0,0,1,0,0,0,0
3861,1980,2003,0,0,0,1,0,0,0,0,0,0,0,0,0
3863,1980,1980,1,1,0,0,1,1,0,1,0,0,0,0,0
3865,1980,1984,1,0,1,1,1,0,0,0,0,0,1,0,1
3870,1980,0,0,0,0,1,1,0,0,0,0,0,0,0,0
3875,1980,0,0,0,0,1,1,0,0,0,0,0,0,0,0
3880,1980,0,0,0,0,1,1,0,0,0,0,0,0,0,0
3885,1980,0,0,0,0,1,0,0,0,0,0,0,0,0,0
3887,1981,1994,1,0,0,0,0,0,0,0,1,0,0,0,0
3890,1981,0,0,0,0,1,1,0,0,0,0,0,0,0,0
3895,1981,0,1,0,0,0,0,0,0,0,0,0,1,0,1
3900,1981,0,1,0,0,0,1,0,0,0,1,0,0,0,0
3903,1981,1986,1,0,0,0,1,0,0,0,1,0,0,0,0
3905,1981,1990,0,0,0,1,1,0,0,0,0,0,0,0,0
3910,1981,1987,0,0,1,1,1,0,0,0,0,0,0,0,0
3915,1981,0,0,0,0,1,1,0,0,0,0,0,0,0,0
3920,1981,1990,0,0,0,1,1,0,0,0,0,0,0,0,0
3925,1981,1991,1,0,0,0,1,0,0,1,0,0,0,0,0
3930,1981,1989,1,1,0,0,1,1,0,1,0,0,0,0,0
3935,1982,1994,0,0,0,1,0,0,0,0,0,0,0,0,0
3937,1982,1990,0,0,0,1,0,0,0,0,0,0,0,0,0
3940,1982,1992,0,0,0,1,0,0,0,0,0,0,0,0,0
3942,1982,2001,0,0,0,1,0,0,0,0,0,0,0,0,0
3945,1983,1992,0,0,0,1,0,0,0,0,0,0,0,0,0
3948,1983,1989,0,0,0,1,0,0,0,0,0,0,0,0,0
3950,1983,1984,0,0,0,1,0,0,0,0,0,0,0,0,0
3952,1983,0,0,0,0,1,0,0,0,0,0,0,0,0,0
3955,1984,1994,0,0,1,1,0,0,0,0,0,0,0,0,0
3960,1984,1986,1,0,0,0,1,0,0,0,1,0,0,0,0
3963,1984,1989,1,0,1,0,0,0,0,0,1,0,0,0,0
3965,1984,0,0,0,0,1,0,0,0,0,0,0,0,0,0
3970,1985,0,0,0,0,1,1,0,0,0,0,0,0,0,0
3973,1985,1993,0,0,0,1,1,0,0,0,0,0,0,0,0
3975,1986,0,1,0,0,0,0,0,0,0,1,0,0,0,0
3980,1986,0,0,0,0,1,0,0,0,0,0,0,0,0,0
3982,1986,1991,0,0,0,1,0,0,0,0,0,0,0,0,0
3984,1987,0,0,0,0,1,1,0,0,0,0,0,0,0,0
3985,1988,1989,0,0,0,1,0,0,0,0,0,0,0,0,0
3990,1988,0,0,0,0,1,0,0,0,0,0,0,0,0,0
3995,1989,0,1,0,0,0,1,0,0,0,1,0,0,0,0
3997,1989,1991,0,0,0,1,0,0,0,0,0,0,0,0,0
4002,1990,0,0,0,0,1,0,0,0,0,0,0,0,0,0
4005,1990,1992,0,0,0,1,1,0,0,0,0,0,0,0,0
4010,1990,0,0,0,1,1,1,0,0,0,0,0,0,0,0
4015,1990,1994,0,0,1,1,1,0,0,0,0,0,0,0,0
4016,1990,1997,0,0,0,1,0,0,0,0,0,0,0,0,0
4018,1990,1995,0,0,0,1,0,0,0,0,0,0,0,0,0
4020,1991,1991,1,0,0,0,0,0,0,0,1,0,0,0,0
4022,1991,1993,0,0,0,1,0,0,0,0,0,0,0,0,0
4023,1991,1994,0,0,0,1,0,0,0,0,0,0,0,0,0
4025,1991,0,0,0,0,0,1,0,0,0,0,0,0,0,0
4030,1991,0,1,0,0,0,1,0,0,0,0,0,0,1,1
4035,1991,0,0,0,0,1,1,0,0,0,0,0,0,0,0
4040,1991,0,0,0,0,1,0,0,0,0,0,0,0,0,0
4045,1991,0,0,0,0,0,1,0,0,0,0,0,0,0,0
4055,1991,0,0,0,0,1,0,0,0,0,0,0,0,0,0
4060,1991,0,0,0,0,0,1,0,0,0,0,0,0,0,0
4061,1991,0,0,0,0,1,0,0,0,0,0,0,0,0,0
4063,1991,0,0,0,0,1,0,0,0,0,0,0,0,0,0
4065,1991,0,0,0,1,1,1,0,0,0,0,0,0,0,0
4070.1001,1991,1992,0,0,0,0,1,0,0,0,0,0,0,0,0
4070.2,1993,0,0,0,0,0,1,0,0,0,0,0,0,0,0
4070.3,1993,0,0,0,0,0,1,0,0,0,0,0,0,0,0
4075.1001,1991,1992,0,0,0,0,1,0,0,0,0,0,0,0,0
4075.2,1993,0,0,0,0,0,1,0,0,0,0,0,0,0,0
4075.3,1993,0,0,0,0,0,1,0,0,0,0,0,0,0,0
4080,1991,0,0,0,0,0,1,0,0,0,0,0,0,0,0
4085,1991,0,0,0,1,1,1,0,0,0,0,0,0,0,0
4090,1991,0,0,0,0,1,1,0,0,0,0,0,0,0,0
4095,1991,0,0,0,0,0,1,0,0,0,0,0,0,0,0
4097,1991,0,0,0,0,1,0,0,0,0,0,0,0,0,0
4099,1991,0,0,0,0,1,0,0,0,0,0,0,0,0,0
4100.1001,1991,1992,0,0,0,1,1,0,0,0,0,0,0,0,0
4100.2002,1993,0,0,0,0,1,1,0,0,0,0,0,0,0,0
4100.2998,1993,0,0,0,0,1,1,0,0,0,0,0,0,0,0
4105,1991,0,0,0,0,0,1,0,0,0,0,0,0,0,0
4110,1991,0,0,0,1,0,0,0,0,0,0,0,0,0,0
4115,1991,0,0,0,0,1,0,0,0,0,0,0,0,0,0
4120,1991,0,0,0,1,1,1,0,0,0,0,0,0,0,0
4125,1991,0,0,0,0,1,0,0,0,0,0,0,0,0,0
4130,1991,1997,0,0,0,1,1,0,0,0,0,0,0,0,0
4131,1991,2006,0,0,0,1,0,0,0,0,0,0,0,0,0
4135,1992,0,0,0,0,0,1,0,0,0,0,0,0,0,0
4140,1992,1994,0,0,0,1,0,0,0,0,0,0,0,0,0
4145,1992,0,0,0,1,1,1,0,0,0,0,0,0,0,0
4148,1992,0,0,0,0,1,0,0,0,0,0,0,0,0,0
4150,1992,0,0,0,1,1,1,0,0,0,0,0,0,0,0
4155,1992,0,0,0,0,1,1,0,0,0,0,0,0,0,0
4160,1992,0,0,0,0,1,1,0,0,0,0,0,0,0,0
4165,1992,0,0,0,0,1,1,0,0,0,0,0,0,0,0
4170,1992,0,0,0,0,0,1,0,0,0,0,0,0,0,0
4175.1001,1992,2007,0,0,0,0,1,0,0,0,0,0,0,0,0
4175.2002,2007,0,1,0,0,0,1,0,0,0,0,0,0,0,0
4180,1992,0,0,0,0,0,1,0,0,0,0,0,0,0,0
4185.1001,1992,1992,0,0,0,1,1,0,0,0,0,0,0,0,0
4185.2002,1993,0,0,0,0,1,1,0,0,0,0,0,0,0,0
4185.2998,1993,0,0,0,0,1,1,0,0,0,0,0,0,0,0
4188,1992,0,0,0,1,1,0,0,0,0,0,0,0,0,0
4190,1992,0,0,0,0,0,1,0,0,0,0,0,0,0,0
4195.1001,1992,1992,0,0,0,1,1,0,0,0,0,0,0,0,0
4195.2002,1993,0,0,0,0,1,1,0,0,0,0,0,0,0,0
4195.2998,1993,0,0,0,0,1,1,0,0,0,0,0,0,0,0
4200,1992,0,0,0,0,1,1,0,0,0,0,0,0,0,0
4205,1992,0,0,0,0,1,1,0,0,0,0,0,0,0,0
4210,1992,0,0,0,1,1,1,0,0,0,0,0,0,0,0
4215,1992,0,0,0,0,0,1,0,0,0,0,0,0,0,0
4220.1001,1992,2002,1,0,0,1,1,0,0,0,1,0,0,0,0
4220.2002,2002,0,1,0,0,1,1,0,0,0,1,0,0,0,0
4225,1992,0,0,0,1,1,1,0,0,0,0,0,0,0,0
4230,1992,0,0,0,1,1,1,0,0,0,0,0,0,0,0
4235,1992,0,1,0,0,1,1,0,0,0,1,0,0,0,0
4240,1992,0,0,0,1,1,1,0,0,0,0,0,0,0,0
4241,1992,0,0,0,1,1,1,0,0,0,0,0,0,0,0
4245,1992,0,1,0,0,1,1,0,0,1,0,0,0,0,0
4250,1992,0,0,0,1,1,1,0,0,0,0,0,0,0,0
4255,1992,0,1,0,1,1,1,0,0,0,1,0,0,0,0
4260,1992,0,0,0,0,0,1,0,0,0,0,0,0,0,0
4265,1992,0,0,0,0,1,0,0,0,0,0,0,0,0,0
4270,1992,0,0,0,1,1,0,0,0,0,0,0,0,0,0
4275,1992,0,0,0,1,1,1,0,0,0,0,0,0,0,0
4276,1992,1998,1,0,0,0,1,0,0,1,0,0,0,0,0
4280,1992,0,0,0,1,1,1,0,0,0,0,0,0,0,0
4285,1992,0,0,0,1,1,1,0,0,0,0,0,0,0,0
4290,1992,0,0,0,1,0,0,0,0,0,0,0,0,0,0
4293,1992,1997,0,0,1,0,1,0,0,0,0,0,0,0,0
4295,1992,0,1,0,0,0,0,0,0,1,0,0,0,0,0
4300,1992,2002,1,0,0,1,1,0,0,0,1,0,0,0,0
4305,1992,0,0,0,1,1,1,0,0,0,0,0,0,0,0
4310,1992,0,0,0,1,1,0,0,0,0,0,0,0,0,0
4315,1992,0,0,0,1,1,0,0,0,0,0,0,0,0,0
4320,1992,0,0,0,1,1,0,0,0,0,0,0,0,0,0
4323,1992,1998,0,0,0,1,1,0,0,0,0,0,0,0,0
4325,1992,0,0,0,0,1,1,0,0,0,0,0,0,0,0
4330,1992,0,0,0,0,0,1,0,0,0,0,0,0,0,0
4335,1992,1996,1,0,0,0,0,0,0,0,1,0,0,0,0
4340,1992,0,0,0,0,1,1,0,0,0,0,0,0,0,0
4342,1992,1997,0,0,0,1,1,0,0,0,0,0,0,0,0
4345,1992,0,0,0,1,1,0,0,0,0,0,0,0,0,0
4350,1992,0,0,0,0,1,1,0,0,0,0,0,0,0,0
4355,1992,0,0,0,0,1,0,0,0,0,0,0,0,0,0
4360,1992,0,0,0,0,1,0,0,0,0,0,0,0,0,0
4365,1992,0,0,0,0,1,0,0,0,0,0,0,0,0,0
4370,1992,0,1,0,0,0,1,0,0,0,0,0,0,1,1
4375,1992,0,0,0,0,1,0,0,0,0,0,0,0,0,0
4378,1992,0,0,0,0,1,0,0,0,0,0,0,0,0,0
4380,1992,0,0,0,0,1,1,0,0,0,0,0,0,0,0
4385,1992,2001,0,0,0,1,0,0,0,0,0,0,0,0,0
4390,1992,0,0,0,0,1,0,0,0,0,0,0,0,0,0
4395,1993,0,0,0,0,1,0,0,0,0,0,0,0,0,0
4400,1993,0,1,0,0,1,1,0,0,0,0,0,0,1,1
4405,1993,0,0,0,0,1,1,0,0,0,0,0,0,0,0
4410,1993,0,0,0,0,0,1,0,0,0,0,0,0,0,0
4415,1993,0,0,0,0,1,1,0,0,0,0,0,0,0,0
4420,1993,0,0,0,0,0,1,0,0,0,0,0,0,0,0
4425,1993,1996,0,0,0,1,1,0,0,0,0,0,0,0,0
4430,1993,0,0,0,1,1,0,0,0,0,0,0,0,0,0
4435,1993,0,0,0,0,1,1,0,0,0,0,0,0,0,0
4440,1993,0,0,0,0,0,1,0,0,0,0,0,0,0,0
4445,1993,0,0,0,0,0,1,0,0,0,0,0,0,0,0
4450,1993,0,0,0,0,1,0,0,0,0,0,0,0,0,0
4453,1993,0,0,0,1,1,0,0,0,0,0,0,0,0,0
4455,1993,0,0,0,1,1,1,0,0,0,0,0,0,0,0
4460,1993,0,0,0,1,0,1,0,0,0,0,0,0,0,0
4462,1993,2001,0,0,0,1,1,0,0,0,0,0,0,0,0
4463,1993,0,0,0,1,0,1,0,0,0,0,0,0,0,0
4465,1993,0,0,0,0,1,1,0,0,0,0,0,0,0,0
4470,1993,0,1,0,1,1,1,0,0,0,1,0,0,0,0
4475,1993,0,0,0,0,1,1,0,0,0,0,0,0,0,0
4476,1993,0,0,0,1,1,0,0,0,0,0,0,0,0,0
4480,1993,0,0,0,0,1,1,0,0,0,0,0,0,0,0
4481,1993,1997,1,0,0,1,1,0,0,1,0,0,0,0,0
4485,1993,0,0,0,1,0,1,0,0,0,0,0,0,0,0
4490,1993,0,0,0,1,1,1,0,0,0,0,0,0,0,0
4495,1993,0,0,0,0,1,0,0,0,0,0,0,0,0,0
4497,1993,1997,0,0,0,1,0,0,0,0,0,0,0,0,0
4500,1993,0,0,0,0,1,1,0,0,0,0,0,0,0,0
4505,1993,0,0,0,0,1,1,0,0,0,0,0,0,0,0
4507.1001,1993,1996,0,0,0,1,0,0,0,0,0,0,0,0,0
4507.2002,1996,0,0,0,0,1,0,0,0,0,0,0,0,0,0
4510,1993,0,0,0,1,1,0,0,0,0,0,0,0,0,0
4515,1993,0,0,0,1,1,1,0,0,0,0,0,0,0,0
4520,1993,2002,0,0,0,1,0,0,0,0,0,0,0,0,0
4521,1993,0,0,0,0,1,0,0,0,0,0,0,0,0,0
4525,1993,0,0,0,0,0,1,0,0,0,0,0,0,0,0
4530,1993,0,0,0,0,1,0,0,0,0,0,0,0,0,0
4532,1993,0,0,0,0,1,0,0,0,0,0,0,0,0,0
4535,1993,0,0,0,0,0,1,0,0,0,0,0,0,0,0
4539,1994,0,0,0,0,1,1,0,0,0,0,0,0,0,0
4540,1994,0,0,0,0,0,1,0,0,0,0,0,0,0,0
4545,1994,0,0,0,1,1,1,0,0,0,0,0,0,0,0
4550,1994,0,1,0,0,0,0,0,0,0,1,0,0,0,0
4555,1994,0,0,0,0,1,1,0,0,0,0,0,0,0,0
4560,1994,0,0,0,0,0,1,0,0,0,0,0,0,0,0
4565,1994,0,0,0,0,0,1,0,0,0,0,0,0,0,0
4568,1994,0,0,0,0,1,1,0,0,0,0,0,0,0,0
4570,1994,0,0,0,0,0,1,0,0,0,0,0,0,0,0
4575,1994,0,0,0,1,1,1,0,0,0,0,0,0,0,0
4580,1994,0,0,0,0,0,1,0,0,0,0,0,0,0,0
4585,1994,0,0,0,0,1,0,0,0,0,0,0,0,0,0
4595,1994,0,0,0,0,0,1,0,0,0,0,0,0,0,0
4600,1994,0,0,0,0,1,1,0,0,0,0,0,0,0,0
4605,1994,0,0,0,0,0,1,0,0,0,0,0,0,0,0
4610,1994,0,0,0,0,1,1,0,0,0,0,0,0,0,0
4615,1994,0,0,0,1,1,1,0,0,0,0,0,0,0,0
4620,1994,0,0,0,0,1,0,0,0,0,0,0,0,0,0
4625,1994,0,0,0,0,0,1,0,0,0,0,0,0,0,0
4630,1994,0,0,0,0,1,0,0,0,0,0,0,0,0,0
4635,1994,0,0,0,0,1,1,0,0,0,0,0,0,0,0
4638,1994,0,0,0,0,1,0,0,0,0,0,0,0,0,0
4640,1994,0,0,0,1,1,0,0,0,0,0,0,0,0,0
4645,1994,0,0,0,0,1,1,0,0,0,0,0,0,0,0
4650,1994,0,0,0,1,1,1,0,0,0,0,0,0,0,0
4655,1994,0,0,0,0,0,1,0,0,0,0,0,0,0,0
4663,1995,0,0,0,1,1,1,0,0,0,0,0,0,0,0
4665,1995,0,0,0,0,1,0,0,0,0,0,0,0,0,0
4670,1995,0,0,0,1,1,0,0,0,0,0,0,0,0,0
4675,1995,0,0,0,0,1,1,0,0,0,0,0,0,0,0
4680,1995,0,0,0,0,1,1,0,0,0,0,0,0,0,0
4685,1995,0,0,0,1,1,1,0,0,0,0,0,0,0,0
4690,1995,0,0,0,0,1,1,0,0,0,0,0,0,0,0
4695,1995,0,0,0,0,1,0,0,0,0,0,0,0,0,0
4700,1995,0,0,0,0,1,0,0,0,0,0,0,0,0,0
4705,1995,0,0,0,0,1,1,0,0,0,0,0,0,0,0
4710,1995,0,0,0,0,1,1,0,0,0,0,0,0,0,0
4715,1995,0,0,0,1,1,1,0,0,0,0,0,0,0,0
4720,1995,0,0,0,1,1,1,0,0,0,0,0,0,0,0
4725,1995,0,0,0,0,1,0,0,0,0,0,0,0,0,0
4730,1995,0,0,0,0,1,1,0,0,0,0,0,0,0,0
4735,1995,0,0,0,0,1,0,0,0,0,0,0,0,0,0
4740,1995,0,0,0,0,1,1,0,0,0,0,0,0,0,0
4744,1995,0,0,0,0,1,0,0,0,0,0,0,0,0,0
4745,1995,0,0,0,0,1,0,0,0,0,0,0,0,0,0
4750,1995,0,0,0,0,1,0,0,0,0,0,0,0,0,0
4755,1995,0,0,0,0,1,0,0,0,0,0,0,0,0,0
4760,1995,1999,0,0,0,0,1,0,0,0,0,0,0,0,0
4764,1996,0,0,0,0,1,0,0,0,0,0,0,0,0,0
4765,1996,0,0,0,0,1,0,0,0,0,0,0,0,0,0
4770,1996,0,0,0,0,1,1,0,0,0,0,0,0,0,0
4775,1996,0,0,0,0,1,1,0,0,0,0,0,0,0,0
4778,1996,0,1,0,0,0,1,0,0,0,1,0,0,0,0
4780,1996,0,0,0,0,1,0,0,0,0,0,0,0,0,0
4785,1996,0,0,0,0,1,1,0,0,0,0,0,0,0,0
4790,1996,0,0,0,0,1,0,0,0,0,0,0,0,0,0
4795,1996,0,0,0,0,1,1,0,0,0,0,0,0,0,0
4800,1996,0,0,0,0,1,0,0,0,0,0,0,0,0,0
4805,1996,0,0,0,0,1,0,0,0,0,0,0,0,0,0
4810.1001,1996,2001,0,0,0,1,0,0,0,0,0,0,0,0,0
4810.2002,2001,0,0,0,0,1,1,0,0,0,0,0,0,0,0
4815,1996,0,0,0,1,1,0,0,0,0,0,0,0,0,0
4820,1996,0,0,0,1,1,0,0,0,0,0,0,0,0,0
4823,1996,0,0,0,0,1,0,0,0,0,0,0,0,0,0
4825,1996,0,0,0,0,1,1,0,0,0,0,0,0,0,0
4830,1996,0,0,0,0,1,0,0,0,0,0,0,0,0,0
4837,1996,0,0,0,0,1,0,0,0,0,0,0,0,0,0
4840,1996,0,0,0,0,1,0,0,0,0,0,0,0,0,0
4845,1996,0,0,0,0,1,0,0,0,0,0,0,0,0,0
4846,1996,2005,0,0,1,0,0,0,0,0,0,0,0,0,0
4850,1996,0,0,0,0,1,1,0,0,0,0,0,0,0,0
4855,1996,0,0,0,0,1,1,0,0,0,0,0,0,0,0
4857,1996,0,0,0,0,0,1,0,0,0,0,0,0,0,0
4859,1997,0,0,0,0,0,1,0,0,0,0,0,0,0,0
4860,1997,0,0,0,1,1,1,0,0,0,0,0,0,0,0
4865.1001,1997,1999,1,0,0,0,1,0,0,1,0,0,0,0,0
4865.2002,1999,0,1,0,0,0,0,0,0,1,0,0,0,0,0
4867,1997,0,1,0,0,0,1,0,0,1,0,0,0,0,0
4870,1997,0,0,0,0,1,0,0,0,0,0,0,0,0,0
4875,1997,0,0,0,0,1,1,0,0,0,0,0,0,0,0
4880,1997,0,0,0,0,1,1,0,0,0,0,0,0,0,0
4885,1997,0,0,0,0,1,1,0,0,0,0,0,0,0,0
4890,1997,0,1,0,0,1,1,0,0,1,0,0,0,0,0
4895,1997,0,0,0,0,1,0,0,0,0,0,0,0,0,0
4896,1997,0,0,0,0,1,0,0,0,0,0,0,0,0,0
4898,1998,0,0,0,0,1,1,0,0,0,0,0,0,0,0
4900,1998,0,1,0,0,0,1,0,0,1,0,0,0,0,0
4905,1998,0,0,0,0,1,1,0,0,0,0,0,0,0,0
4908,1998,0,0,0,0,1,0,0,0,0,0,0,0,0,0
4910,1998,0,0,0,0,1,1,0,0,0,0,0,0,0,0
4913,1998,0,0,0,0,1,1,0,0,0,0,0,0,0,0
4915,1998,0,0,0,0,1,0,0,0,0,0,0,0,0,0
4920,1999,2001,1,0,0,0,0,0,0,0,1,0,0,0,0
4925,1999,0,0,0,0,1,0,0,0,0,0,0,0,0,0
4930,1999,0,0,0,0,0,1,0,0,0,0,0,0,0,0
4935,1999,0,0,0,0,1,0,0,0,0,0,0,0,0,0
4940,2000,0,0,0,0,0,1,0,0,0,0,0,0,0,0
4945,2000,0,1,0,0,1,0,0,0,1,0,0,0,0,0
4948,2000,0,0,0,0,1,1,0,0,0,0,0,0,0,0
4950,2000,0,0,0,0,1,0,0,0,0,0,0,0,0,0
4951,2000,0,1,0,0,1,1,0,0,1,0,0,0,0,0
4952,2000,0,0,0,0,1,0,0,0,0,0,0,0,0,0
4953.1001,2000,2002,0,0,0,1,0,0,0,0,0,0,0,0,0
4953.2002,2002,0,0,0,0,1,0,0,0,0,0,0,0,0,0
4955,2000,0,0,0,0,1,0,0,0,0,0,0,0,0,0
4957,2000,0,0,0,0,1,0,0,0,0,0,0,0,0,0
4958,2000,0,0,0,0,1,0,0,0,0,0,0,0,0,0
4960,2000,0,0,0,0,1,0,0,0,0,0,0,0,0,0
4965,2000,0,1,0,0,0,0,0,0,0,1,0,0,0,0
4968,2001,0,0,0,1,1,1,0,0,0,0,0,0,0,0
4970,2001,0,0,0,0,1,1,0,0,0,0,0,0,0,0
4975,2001,0,0,0,0,1,1,0,0,0,0,0,0,0,0
4978,2001,0,0,0,0,1,0,0,0,0,0,0,0,0,0
4980,2001,0,0,0,0,1,1,0,0,0,0,0,0,0,0
4985.1001,2001,2003,0,0,0,1,0,0,0,0,0,0,0,0,0
4985.2002,2003,0,1,0,0,1,1,0,0,0,0,0,0,1,1
4988,2001,0,0,0,0,1,1,0,0,0,0,0,0,0,0
4990,2001,0,0,0,0,1,0,0,0,0,0,0,0,0,0
4995,2001,0,0,0,0,1,1,0,0,0,0,0,0,0,0
4998,2002,0,0,0,0,0,1,0,0,0,0,0,0,0,0
4999,2002,0,0,0,0,1,1,0,0,0,0,0,0,0,0
5000,2002,0,0,0,0,1,1,0,0,0,0,0,0,0,0
5005,2002,0,0,0,0,1,1,0,0,0,0,0,0,0,0
5010,2002,0,0,0,0,1,0,0,0,0,0,0,0,0,0
5015,2002,0,0,0,0,1,0,0,0,0,0,0,0,0,0
5020,2002,0,0,0,0,1,0,0,0,0,0,0,0,0,0
5025,2002,0,0,0,0,1,0,0,0,0,0,0,0,0,0
5027,2002,0,0,0,0,1,0,0,0,0,0,0,0,0,0
5030,2002,0,0,0,0,1,1,0,0,0,0,0,0,0,0
5032,2003,0,0,0,0,1,0,0,0,0,0,0,0,0,0
5035,2003,0,0,0,0,1,1,0,0,0,0,0,0,0,0
5040,2003,0,1,0,0,0,0,0,0,1,0,0,0,0,0
5045,2004,0,0,0,0,1,0,0,0,0,0,0,0,0,0
5050,2004,0,0,0,0,1,0,0,0,0,0,0,0,0,0
5055,2005,0,1,0,0,1,0,0,0,1,0,0,0,0,0
5060,2005,0,0,0,0,1,0,0,0,0,0,0,0,0,0
5065,2005,0,0,0,0,1,1,0,0,0,0,0,0,0,0
5070,2005,2013,0,0,0,1,1,0,0,0,0,0,0,0,0
5075,2005,0,1,0,0,0,1,0,0,1,0,0,0,0,0
5080,2006,0,0,0,0,1,0,0,0,0,0,0,0,0,0
5085,2006,0,0,0,0,1,0,0,0,0,0,0,0,0,0
5090,2006,0,1,0,0,1,0,0,0,0,0,0,0,0,1
5095,2006,0,0,0,0,1,0,0,0,0,0,0,0,0,0
6005,2007,0,0,0,0,1,1,0,0,0,0,0,0,0,0
6010,2007,0,0,0,0,1,0,0,0,0,0,0,0,0,0
6015,2007,0,0,0,0,1,0,0,0,0,0,0,0,0,0
6020,2007,0,0,0,0,1,1,0,0,0,0,0,0,0,0
6025,2007,0,0,0,0,1,0,0,0,0,0,0,0,0,0
6030.1001,2008,2011,0,0,0,1,0,0,0,0,0,0,0,0,0
6030.2002,2011,0,0,0,0,1,0,0,0,0,0,0,0,0,0
6035,2010,0,1,0,0,1,1,0,0,0,0,0,0,0,1
6040,2011,0,0,0,0,0,1,0,0,0,0,0,0,0,0
6045.1001,2012,2012,0,0,0,1,0,0,0,0,0,0,0,0,0
6045.2002,2012,0,0,0,0,1,0,0,0,0,0,0,0,0,0
6050,2012,0,0,0,0,0,1,0,0,0,0,0,0,0,0
6055,2013,0,0,0,0,1,0,0,0,0,0,0,0,0,0
6060,2013,0,0,0,0,1,0,0,0,0,0,0,0,0,0
6065,2016,0,0,0,0,1,0,0,0,0,0,0,0,0,0
